country,region_id,authority_id,auth_name_e,old_park_id,new_park_id,park_offical_id
England,E12000009,E07000043,North Devon,NORDE_fb7b027f0097,65179297eb2a,NORDE_0
England,E12000009,E07000043,North Devon,NORDE_af74006d550b,5a67b04dfeef,NORDE_1
England,E12000009,E07000043,North Devon,NORDE_343b9a82c650,a3c3d46663f6,NORDE_2
England,E12000009,E07000043,North Devon,NORDE_dc11e4868a75;NORDE_19ef411632ad,1ceba7535e08,NORDE_3
England,E12000009,E07000043,North Devon,NORDE_d0437a7cb0bb,2713116e066b,NORDE_4
England,E12000009,E07000043,North Devon,NORDE_4c1cece20708,5d7da9f4b319,NORDE_5
England,E12000009,E07000043,North Devon,NORDE_56bf985c3c36;NORDE_ab64bff545ef,408d68de7b85,NORDE_6
England,E12000009,E07000043,North Devon,NORDE_50686de3cb10,777e240ab13c,NORDE_7
England,E12000009,E07000043,North Devon,NORDE_957619686bd0,3d5a8a6d06a1,NORDE_8
England,E12000009,E07000043,North Devon,NORDE_9acb87b9b8d5,0dc1347a8c34,NORDE_9
England,E12000009,E07000043,North Devon,NORDE_b637e5e1c0e5;NORDE_ff441c2ba110,6436eb19e235,NORDE_10
England,E12000009,E07000043,North Devon,NORDE_6599c689a30c;NORDE_5826b11736bb,9cefe9661817,NORDE_11
England,E12000009,E07000043,North Devon,NORDE_8dcc8db4f844;NORDE_001635028b0b,98ff8d4b4304,NORDE_12
England,E12000009,E07000043,North Devon,NORDE_f95857f0ca94,3043dd2778b4,NORDE_13
England,E12000009,E07000043,North Devon,NORDE_a0619a8f8d5c,7d1363ec679b,NORDE_14
England,E12000009,E07000043,North Devon,NORDE_4066632d88a8,925143e80e17,NORDE_15
England,E12000009,E07000043,North Devon,NORDE_c22e11a478c9,ed2349f7bf67,NORDE_16
England,E12000009,E07000043,North Devon,NORDE_37ba0eae6e48;NORDE_1d7e9385ad46,3bcfea68491e,NORDE_17
England,E12000009,E07000043,North Devon,NORDE_2432b0a2e2ee,a3f7d04f8e71,NORDE_18
England,E12000009,E07000043,North Devon,NORDE_f01ac709a555,ea5118b2b15c,NORDE_19
England,E12000009,E07000043,North Devon,NORDE_b065cbe9f3f7,a69845a258f0,NORDE_20
England,E12000009,E07000043,North Devon,NORDE_6ed0ed2fa57b,07d7864bde78,NORDE_21
England,E12000009,E07000043,North Devon,NORDE_0a631baddb03;NORDE_74212fba2723,57bcb7fed649,NORDE_22
England,E12000009,E07000043,North Devon,NORDE_fdf0bd278f6e,6fb0af052e8e,NORDE_23
England,E12000009,E07000043,North Devon,NORDE_e8bb19dbbd31,e8d8eb91f4fe,NORDE_24
England,E12000009,E07000043,North Devon,NORDE_aea0c1e25c94,bbd04878dbbe,NORDE_25
England,E12000009,E07000043,North Devon,NORDE_735f02f29bce;NORDE_7286b7a9b786,8b9ff264f054,NORDE_26
England,E12000009,E07000043,North Devon,NORDE_d295cc39f587;NORDE_d88083cafc80,6b4a472331dd,NORDE_27
England,E12000009,E07000043,North Devon,NORDE_7b9602ff1706,bcd87bf0edd0,NORDE_28
England,E12000009,E07000043,North Devon,NORDE_b5542b81e7fd,72ef38dbb506,NORDE_29
England,E12000009,E07000043,North Devon,NORDE_b0e17f8675c6,f70db7aad68a,NORDE_30
England,E12000009,E07000043,North Devon,NORDE_8d241f986648,8b7be38f68af,NORDE_31
England,E12000009,E07000043,North Devon,NORDE_64c97a836660,f99567143938,NORDE_32
England,E12000009,E07000043,North Devon,NORDE_f7c0a9387eb2;NORDE_9988e72f9be7,75bb4e9a265e,NORDE_33
England,E12000009,E07000043,North Devon,NORDE_c622eddef221;NORDE_cf3474a52ee8,7d3111eb26d0,NORDE_34
England,E12000009,E07000043,North Devon,NORDE_b4f2647dddce;NORDE_f8e185357caf,80e2a5d9c66e,NORDE_35
England,E12000009,E07000043,North Devon,NORDE_a5f2de7d69a9;NORDE_f33183345221,ed526e862f2b,NORDE_36
England,E12000009,E07000043,North Devon,NORDE_e351d11d6cfb,7425ebfa917a,NORDE_37
England,E12000009,E07000043,North Devon,NORDE_a97bfecb1c17,7db2de13be17,NORDE_38
England,E12000009,E07000043,North Devon,NORDE_dce838678b34,b27e2ea6e48f,NORDE_39
England,E12000009,E07000043,North Devon,NORDE_d5f62dbf64b4,66794ace6d7a,NORDE_40
England,E12000009,E07000043,North Devon,NORDE_b8c9f1a6f9ac;NORDE_d7605531ef3e,12b81c19f0df,NORDE_41
England,E12000009,E07000043,North Devon,NORDE_15517cb9440d;NORDE_e0a3386081b5,fc8378e5c2b3,NORDE_42
England,E12000009,E07000043,North Devon,NORDE_436895c36165,7b5ac9b28f3f,NORDE_43
England,E12000009,E07000043,North Devon,NORDE_584f78c5401e;NORDE_fb3e46e913b9,b065c1948b9f,NORDE_44
England,E12000009,E07000043,North Devon,NORDE_16d242452ee4;NORDE_405a21bd282f,8ee719a25d00,NORDE_45
England,E12000009,E07000043,North Devon,NORDE_29c7ab5e0893,46802d1aaef6,NORDE_46
England,E12000009,E07000043,North Devon,NORDE_85ed15e35ee5,4f45cb123cd2,NORDE_47
England,E12000009,E07000043,North Devon,NORDE_46bea50da141;NORDE_92ce148a579c,f6b830feaf10,NORDE_48
England,E12000009,E07000043,North Devon,NORDE_b3f87dee3828,5b5508104cf8,NORDE_49
England,E12000009,E07000043,North Devon,NORDE_034b152894e0,9002aea38d6c,NORDE_50
England,E12000009,E07000043,North Devon,NORDE_2508e3e50c73,bfbaa804a79f,NORDE_51
England,E12000009,E07000043,North Devon,NORDE_32f5faf21db9,472f39faec17,NORDE_52
England,E12000009,E07000043,North Devon,NORDE_bb57cf4e3bd3,90a9b3ade69a,NORDE_53
England,E12000009,E07000043,North Devon,NORDE_7e3d226ad62f,3ed005addeb5,NORDE_54
England,E12000009,E07000043,North Devon,NORDE_b8a24ef8f4c1,b3347d5eb18a,NORDE_55
England,E12000009,E07000043,North Devon,NORDE_378d033c1264,24574f0caaf0,NORDE_56
England,E12000009,E07000043,North Devon,NORDE_880fbf443185,17fa77647b58,NORDE_57
England,E12000009,E07000043,North Devon,NORDE_3a05dfca40d9,0a71565430b0,NORDE_58
England,E12000009,E07000043,North Devon,NORDE_71a48b5fad31,e835bfeca68e,NORDE_59
England,E12000009,E07000043,North Devon,NORDE_8ba007060754,623f0410511a,NORDE_60
England,E12000009,E07000043,North Devon,NORDE_cb353923c1b7,e4c59d35865d,NORDE_61
England,E12000009,E07000043,North Devon,NORDE_833f92c2c458,0960ba09c287,NORDE_62
England,E12000009,E07000043,North Devon,NORDE_a795f30f3450,51f9ed0d5309,NORDE_63
England,E12000009,E07000043,North Devon,NORDE_d70d301c4dc5,29c028391fd1,NORDE_64
England,E12000009,E07000043,North Devon,NORDE_3eb1a5d7de26,4e8da9f3149a,NORDE_65
England,E12000009,E07000043,North Devon,NORDE_1633d8045de9,3ab00033cca9,NORDE_66
England,E12000009,E07000043,North Devon,NORDE_a53a2fbb25b2,b138616dcfcb,NORDE_67
England,E12000009,E07000043,North Devon,NORDE_083842abf129,e064a3e66498,NORDE_68
England,E12000009,E07000043,North Devon,NORDE_26aae466f3d0,84a67f5b76c8,NORDE_69
England,E12000009,E07000043,North Devon,NORDE_f889ceba71f7,1d835e860121,NORDE_70
England,E12000009,E07000043,North Devon,NORDE_8d1f796f9f02,fc73b4728f34,NORDE_71
England,E12000009,E07000043,North Devon,NORDE_bffdf53a59e1,fdc25f0fd7c8,NORDE_72
England,E12000009,E07000043,North Devon,NORDE_bcac81f0fb7f,8ec2f8384814,NORDE_73
England,E12000009,E07000043,North Devon,NORDE_c58c60175412,03800d027869,NORDE_74
England,E12000009,E07000043,North Devon,NORDE_eecbee6e6dbc,bb433afa02d6,NORDE_75
England,E12000009,E07000043,North Devon,NORDE_8ef33162ddec,64593b13b830,NORDE_76
England,E12000009,E07000043,North Devon,NORDE_4d8cf47c64dd,8beb0fdd3d79,NORDE_77
England,E12000009,E07000043,North Devon,NORDE_1d1889f0e8dc,799e403df307,NORDE_78
England,E12000009,E07000043,North Devon,NORDE_c2def22c2fda,d428bc6fa9fb,NORDE_79
England,E12000009,E07000043,North Devon,NORDE_48612c0533f1,a40eb9efb3d5,NORDE_80
England,E12000009,E07000043,North Devon,NORDE_d454ee491831,33e34437ea3a,NORDE_81
England,E12000009,E07000043,North Devon,NORDE_bf9f68658735,3c2e20126b13,NORDE_82
England,E12000009,E07000043,North Devon,NORDE_95ccd7415f94,51a3e4adf004,NORDE_83
England,E12000009,E07000043,North Devon,NORDE_a7e26aa72e03,0e560ff82af2,NORDE_84
England,E12000009,E07000043,North Devon,NORDE_19b7c50682dc,4fdb838e4749,NORDE_85
England,E12000009,E07000043,North Devon,NORDE_a55bed16debc,6176dd85a1df,NORDE_86
England,E12000009,E07000043,North Devon,NORDE_0037f20bfeb5,7c97556061a6,NORDE_87
England,E12000009,E07000043,North Devon,NORDE_5b0512dac13b,b7c3baa54c85,NORDE_88
England,E12000009,E07000043,North Devon,NORDE_33970c84cec0,a6b30997f9ea,NORDE_89
England,E12000009,E07000043,North Devon,NORDE_b1c46cb21316,4b07dcc85045,NORDE_90
England,E12000009,E07000043,North Devon,NORDE_61645eca980f,75aaf86ea494,NORDE_91
England,E12000009,E07000043,North Devon,NORDE_eb63bea12637,f92e41ffd5b7,NORDE_92
England,E12000009,E07000043,North Devon,NORDE_b62e07c10701,49c55f077eec,NORDE_93
England,E12000009,E07000043,North Devon,NORDE_7f017ba634e5,e7f3d1bdf359,NORDE_94
England,E12000009,E07000043,North Devon,NORDE_2c916071c0d1,64e2e7a3a9fe,NORDE_95
England,E12000009,E07000043,North Devon,NORDE_77ff3aaeb34c,e01e6bc48b3d,NORDE_96
England,E12000009,E07000043,North Devon,NORDE_156f96e3f607,c8716ad65e69,NORDE_97
England,E12000009,E07000043,North Devon,NORDE_0a0ad2da5291,f73a8c364189,NORDE_98
England,E12000009,E07000043,North Devon,NORDE_1d83137feb00,a2cd67353c77,NORDE_99
England,E12000009,E07000043,North Devon,NORDE_f0278e7b2605,838ee9fea67f,NORDE_100
England,E12000009,E07000043,North Devon,NORDE_edb62c07fa4b,7fc79ab5810f,NORDE_101
England,E12000009,E07000043,North Devon,NORDE_4006172dee35,b526e7b6696f,NORDE_102
England,E12000009,E07000043,North Devon,NORDE_da96b021d84a,cbb9b6b35cd2,NORDE_103
England,E12000009,E07000043,North Devon,NORDE_bfa22c89a93a,3f6b7ace2033,NORDE_104
England,E12000009,E07000043,North Devon,NORDE_1b5324ac29cd,5a685353f743,NORDE_105
England,E12000009,E07000043,North Devon,NORDE_8003118134c3,0a6de099ec9d,NORDE_106
England,E12000009,E07000043,North Devon,NORDE_41b33043546a,f58cfd00173b,NORDE_107
England,E12000009,E07000043,North Devon,NORDE_8ba82ddb26aa,6f7dd7f37acc,NORDE_108
England,E12000009,E07000043,North Devon,NORDE_8e5bb5f52ecf,0200870d8339,NORDE_109
England,E12000009,E07000043,North Devon,NORDE_842b7665f60f,a1d524f59dcd,NORDE_110
England,E12000009,E07000043,North Devon,NORDE_2f9a37451b69,2d824e3afab1,NORDE_111
England,E12000009,E07000043,North Devon,NORDE_812e2825be01,485364bc2d6e,NORDE_112
England,E12000009,E07000043,North Devon,NORDE_bdf180361f1c,9f4476df6b76,NORDE_113
England,E12000009,E07000043,North Devon,NORDE_536177f6f708,2ef907261083,NORDE_114
England,E12000009,E07000043,North Devon,NORDE_5ad8ff9dbbad;NORDE_685066162170,8f8221ad5f1f,NORDE_115
England,E12000009,E07000043,North Devon,NORDE_8424ea5f25ab,112b8c505223,NORDE_116
England,E12000009,E07000043,North Devon,NORDE_f685faf0f59d,627e847c895b,NORDE_117
England,E12000009,E07000043,North Devon,NORDE_f720c9fdab08,6f61055a6819,NORDE_118
England,E12000009,E07000043,North Devon,NORDE_c7a0a9eddc23,6f846aacab09,NORDE_119
England,E12000009,E07000043,North Devon,NORDE_f21ee35d749b,7a4148d06144,NORDE_120
England,E12000009,E07000043,North Devon,NORDE_b2129f5950d9,690221671ae5,NORDE_121
England,E12000009,E07000043,North Devon,NORDE_ad77bc4ad1a2,6a459914644c,NORDE_122
England,E12000009,E07000043,North Devon,NORDE_26ca98c3dc55,eec30724b875,NORDE_123
England,E12000009,E07000043,North Devon,NORDE_c1b29a467139,ddb1036c390f,NORDE_124
England,E12000009,E07000043,North Devon,NORDE_afa5ab620b80,f53be7d89b1f,NORDE_125
England,E12000009,E07000043,North Devon,NORDE_17666fd43588,9ffa9dbfe0cd,NORDE_126
England,E12000009,E07000043,North Devon,NORDE_38ef3ad835db,4bf9c2b87908,NORDE_127
England,E12000009,E07000043,North Devon,NORDE_7412bd79e0cc,cc630d636064,NORDE_128
England,E12000009,E07000043,North Devon,NORDE_4e6bf46184ff,50709b5dd08d,NORDE_129
England,E12000009,E07000043,North Devon,NORDE_3ebecd3fb822,fd9776e92bab,NORDE_130
England,E12000009,E07000043,North Devon,NORDE_67e291514ed7,e9934d5f00bb,NORDE_131
England,E12000009,E07000043,North Devon,NORDE_50735b35163a,bb74ced13b19,NORDE_132
England,E12000009,E07000043,North Devon,NORDE_3c2e7253073a,1ec690e9bd2c,NORDE_133
England,E12000009,E07000043,North Devon,NORDE_2c11ba537a35,c28ad1cfc278,NORDE_134
England,E12000009,E07000043,North Devon,NORDE_8311062956eb,b3b93afcc2a0,NORDE_135
England,E12000009,E07000043,North Devon,NORDE_2e611bad8db3,75fa3f074802,NORDE_136
England,E12000009,E07000043,North Devon,NORDE_5426c418c35a,f5d386a51648,NORDE_137
England,E12000009,E07000043,North Devon,NORDE_db83fb60dab4,f955c61498b0,NORDE_138
England,E12000009,E07000043,North Devon,NORDE_e92a705aad93,589760c1600c,NORDE_139
England,E12000009,E07000043,North Devon,NORDE_b13cf351f5e7,97513c0518fb,NORDE_140
England,E12000009,E07000043,North Devon,NORDE_4da6aacf7976,57be9abb416d,NORDE_141
England,E12000009,E07000043,North Devon,NORDE_1b00f14874ce,1fe46b8dcbdc,NORDE_142
England,E12000009,E07000043,North Devon,NORDE_f6aacba73da4,338b745c3f4a,NORDE_143
England,E12000009,E07000043,North Devon,NORDE_d0a33384f668,2f95a8de1f34,NORDE_144
England,E12000009,E07000043,North Devon,NORDE_4a6177a878ff,656a61f4dc65,NORDE_145
England,E12000009,E07000043,North Devon,NORDE_f85ee80f87dc,47f221653526,NORDE_146
England,E12000009,E07000043,North Devon,NORDE_a6960b956138,00b618245923,NORDE_147
England,E12000009,E07000043,North Devon,NORDE_b182da3e16c7,50102247983a,NORDE_148
England,E12000009,E07000043,North Devon,NORDE_f4e3d6d04dcc,cb10b8116f2f,NORDE_149
England,E12000009,E07000043,North Devon,NORDE_d0f6ded7c511,56c799edb58a,NORDE_150
England,E12000009,E07000043,North Devon,NORDE_d560d4a17657,2c9c693c0ada,NORDE_151
England,E12000009,E07000043,North Devon,NORDE_942d5e57e71d,f697c05d813d,NORDE_152
England,E12000009,E07000043,North Devon,NORDE_2ba9b156be66,e6ca505630f7,NORDE_153
England,E12000009,E07000043,North Devon,NORDE_7de8d71082fe,69320e09f23d,NORDE_154
England,E12000009,E07000043,North Devon,NORDE_5e82f65c06ae,1c2bee66fe2e,NORDE_155
England,E12000009,E07000043,North Devon,NORDE_cbe90bb6644b,d000201fa48e,NORDE_156
England,E12000009,E07000043,North Devon,NORDE_26544240312a,e3aa62c560ff,NORDE_157
England,E12000009,E07000043,North Devon,NORDE_eef849372566,858f2265977e,NORDE_158
England,E12000009,E07000043,North Devon,NORDE_c168aa4e29f5,f9efb95261e0,NORDE_159
England,E12000009,E07000043,North Devon,NORDE_060ceec783ba,ecc79df82515,NORDE_160
England,E12000009,E07000043,North Devon,NORDE_fd31b34a0413,1c05a6277ff1,NORDE_161
England,E12000009,E07000043,North Devon,NORDE_be02c74dd7dc,41413700a302,NORDE_162
England,E12000009,E07000043,North Devon,NORDE_9db44a0a3fe8,fabebb2d71d7,NORDE_163
England,E12000009,E07000043,North Devon,NORDE_a8a7f29217b0,837352bc1c3a,NORDE_164
England,E12000009,E07000043,North Devon,NORDE_305bbf8c1371,300b37464d2c,NORDE_165
England,E12000009,E07000043,North Devon,NORDE_723577fb8dde,36fe81a7a6cd,NORDE_166
England,E12000009,E07000043,North Devon,NORDE_2b9da44bc598,6cc0da8c0ce4,NORDE_167
England,E12000009,E07000043,North Devon,NORDE_77fa18ac03e0,95d6569b29c2,NORDE_168
England,E12000009,E07000043,North Devon,NORDE_f0ae48681840,f925f972d13a,NORDE_169
England,E12000009,E07000043,North Devon,NORDE_e073b7316cc6,2efe8f03ba48,NORDE_170
England,E12000009,E07000043,North Devon,NORDE_5c851f2b7ed9,17da20e041f0,NORDE_171
England,E12000009,E07000043,North Devon,NORDE_d98d7872f5c3,ae00e9b7da5d,NORDE_172
England,E12000009,E07000043,North Devon,NORDE_55bbc5c354b2,96c590321199,NORDE_173
England,E12000009,E07000043,North Devon,NORDE_ed88349fb4eb,4a365bfb4263,NORDE_174
England,E12000009,E07000043,North Devon,NORDE_e0e5cd74521d,40b97f88057c,NORDE_175
England,E12000009,E07000043,North Devon,NORDE_78018649906d,738948efefcc,NORDE_176
England,E12000009,E07000043,North Devon,NORDE_d2ac040943fa,56bf7f7e7f8f,NORDE_177
England,E12000009,E07000043,North Devon,NORDE_73c91e666ed6,df7f0210549e,NORDE_178
England,E12000009,E07000043,North Devon,NORDE_dcd747afcc9e,63fde2117840,NORDE_179
England,E12000009,E07000043,North Devon,NORDE_954c0a151f73,836ec1f2cf76,NORDE_180
England,E12000009,E07000043,North Devon,NORDE_94325ae3a867,2eddf7a3710d,NORDE_181
England,E12000009,E07000043,North Devon,NORDE_66fc6bb74ae4,12f5f9f6df2f,NORDE_182
England,E12000009,E07000043,North Devon,NORDE_845a897e8d51,1147f5d8282e,NORDE_183
England,E12000009,E07000043,North Devon,NORDE_204e3e318912,dad4ea099865,NORDE_184
England,E12000009,E07000043,North Devon,NORDE_9944b05c700c,1cd8b9b9b13b,NORDE_185
England,E12000009,E07000043,North Devon,NORDE_3ba1799dfc70,6027343c5380,NORDE_186
England,E12000009,E07000043,North Devon,NORDE_48571ff7d936,3502236984a8,NORDE_187
England,E12000009,E07000043,North Devon,NORDE_c4bc37f146f2,e20eb6b7a51c,NORDE_188
England,E12000009,E07000043,North Devon,NORDE_dfde4e14c226,2965782833f7,NORDE_189
England,E12000009,E07000043,North Devon,NORDE_f38cf986c429,2a66a30dc21a,NORDE_190
England,E12000009,E07000043,North Devon,NORDE_05ddd6e58f1f,1e8546c99edb,NORDE_191
England,E12000009,E07000043,North Devon,NORDE_c4f1fcac41fb,6134b4e167d0,NORDE_192
England,E12000009,E07000043,North Devon,NORDE_be8093228d59,b2bb29fd7b13,NORDE_193
England,E12000009,E07000043,North Devon,NORDE_d67dd3b22f86,f17d39e51660,NORDE_194
England,E12000009,E07000043,North Devon,NORDE_f889b1f521a4,5670adbd9a22,NORDE_195
England,E12000009,E07000043,North Devon,NORDE_5fc29a1d66b6,0cee564dafc8,NORDE_196
England,E12000009,E07000043,North Devon,NORDE_27db552e5a4c,784860528d82,NORDE_197
England,E12000009,E07000043,North Devon,NORDE_c954b4cbdb71,6bfe5f2510f6,NORDE_198
England,E12000009,E07000043,North Devon,NORDE_c66cc1e09d05,7e9c5fd4087d,NORDE_199
England,E12000009,E07000043,North Devon,NORDE_13781b341a53,5b73fe0b3c2c,NORDE_200
England,E12000009,E07000043,North Devon,NORDE_d981e778b76e,d0f9f9d395f3,NORDE_201
England,E12000009,E07000043,North Devon,NORDE_976b91cbaf2c,04afc6fd4c7c,NORDE_202
England,E12000009,E07000043,North Devon,NORDE_e70af3026e83,ef671b88b281,NORDE_203
England,E12000009,E07000043,North Devon,NORDE_891891d1f049,39e5a94025f2,NORDE_204
England,E12000009,E07000043,North Devon,NORDE_5b585e67845c,44cb0b37849b,NORDE_205
England,E12000009,E07000043,North Devon,NORDE_f5e1fe2f18a1,8f93d4244497,NORDE_206
England,E12000009,E07000043,North Devon,NORDE_91f37677c019,54bafc208f23,NORDE_207
England,E12000009,E07000043,North Devon,NORDE_9fdc42b5efe9,394ffdeff07f,NORDE_208
England,E12000009,E07000043,North Devon,NORDE_c64df35a9fae,db872d18b69b,NORDE_209
England,E12000009,E07000043,North Devon,NORDE_a578cd81c48c,9e224a22ad64,NORDE_210
England,E12000009,E07000043,North Devon,NORDE_e1451d477b23,7f0dc2c733a7,NORDE_211
England,E12000009,E07000043,North Devon,NORDE_43be1a2e981c,56832887620b,NORDE_212
England,E12000009,E07000043,North Devon,NORDE_139aa1691a6b,a9fbf2943729,NORDE_213
England,E12000009,E07000043,North Devon,NORDE_f008643e22dc,94b026404a01,NORDE_214
England,E12000009,E07000043,North Devon,NORDE_2624c1d0d20d,38c233338b25,NORDE_215
England,E12000009,E07000043,North Devon,NORDE_fd28c9dc0ad8,143f5343ec3e,NORDE_216
England,E12000009,E07000043,North Devon,NORDE_b33c094d63f8,05f74ec63b56,NORDE_217
England,E12000009,E07000043,North Devon,NORDE_1930f6983cec,b188d0c58ae0,NORDE_218
England,E12000009,E07000043,North Devon,NORDE_bc3dee897419,a3896cf4d3d8,NORDE_219
England,E12000009,E07000043,North Devon,NORDE_ede9d42158a1,a7a0e9ea31fe,NORDE_220
England,E12000009,E07000043,North Devon,NORDE_2757a8a32ca0,ccd1a9b26dc2,NORDE_221
England,E12000009,E07000043,North Devon,NORDE_ba34d5a38e24,95d072e1f80b,NORDE_222
England,E12000009,E07000043,North Devon,NORDE_825196bf77ca,8912b22b51b0,NORDE_223
England,E12000009,E07000043,North Devon,NORDE_d586ee1153ca,31ca98f442fd,NORDE_224
England,E12000009,E07000043,North Devon,NORDE_55f45c7cd5b3,fb722fefb91d,NORDE_225
England,E12000009,E07000043,North Devon,NORDE_3dc56edc8e4a,9fc9b3667fb4,NORDE_226
England,E12000009,E07000043,North Devon,NORDE_8652d3d08c13,5850f8baa6cb,NORDE_227
England,E12000009,E07000043,North Devon,NORDE_6621a8cb7dcc,36254ad01018,NORDE_228
England,E12000009,E07000043,North Devon,NORDE_d567a9c6f2bd,bbd14eb04e1b,NORDE_229
England,E12000009,E07000043,North Devon,NORDE_ce842347c8e4,1ffa299742e7,NORDE_230
England,E12000009,E07000043,North Devon,NORDE_6b7c956f05ea,b203c6be6a8f,NORDE_231
England,E12000009,E07000043,North Devon,NORDE_b1357ba2e832,915f468c8d54,NORDE_232
England,E12000009,E07000043,North Devon,NORDE_614210b91fe1,47c4aad98ecd,NORDE_233
England,E12000009,E07000043,North Devon,NORDE_9bfe2ffcc068,6f319496d009,NORDE_234
England,E12000009,E07000043,North Devon,NORDE_df9018b6bf38,74fd3456101f,NORDE_235
England,E12000009,E07000043,North Devon,NORDE_eb42b5786fb7,1d427b0270dc,NORDE_236
England,E12000009,E07000043,North Devon,NORDE_0094cbd3fb86,a4ccdcdce09e,NORDE_237
England,E12000009,E07000043,North Devon,NORDE_5d5f9a930e3f,6c6cec80d50a,NORDE_238
England,E12000009,E07000043,North Devon,NORDE_af890b108813,9a28202e4203,NORDE_239
England,E12000009,E07000043,North Devon,NORDE_acd42c17ff59,e03ad0068ce6,NORDE_240
England,E12000009,E07000043,North Devon,NORDE_29978122d367,4ef45281f0b4,NORDE_241
England,E12000009,E07000043,North Devon,NORDE_51d73d92996b,c5848568e195,NORDE_242
England,E12000009,E07000043,North Devon,NORDE_93195eb57019,b6ee7795e234,NORDE_243
England,E12000009,E07000043,North Devon,NORDE_b21c466cdf22,0164edb4f3ab,NORDE_244
England,E12000009,E07000043,North Devon,NORDE_07cf17c6ec22,1a4bc6864513,NORDE_245
England,E12000009,E07000043,North Devon,NORDE_862e21210fe1,ade5c68a8b08,NORDE_246
England,E12000009,E07000043,North Devon,NORDE_07e6cc6d752d,c28eba5378d8,NORDE_247
England,E12000009,E07000043,North Devon,NORDE_b48505d4e116,b7b6a0f8eec0,NORDE_248
England,E12000009,E07000043,North Devon,NORDE_ab5850b9a239,b30e4d6b5de1,NORDE_249
England,E12000009,E07000043,North Devon,NORDE_e7e1931279b5,63c90bc7e8c3,NORDE_250
England,E12000009,E07000043,North Devon,NORDE_4f8ac67c156b,d715d13ea90c,NORDE_251
England,E12000009,E07000043,North Devon,NORDE_5b1c0478bf08,6e1d8162440a,NORDE_252
England,E12000009,E07000043,North Devon,NORDE_8e609dd5e295,47a659a97643,NORDE_253
England,E12000009,E07000043,North Devon,NORDE_fdad1afea81d,0b1ba043e13d,NORDE_254
England,E12000009,E07000043,North Devon,NORDE_aa7c197ce47f,b897c949b13a,NORDE_255
England,E12000009,E07000043,North Devon,NORDE_92b01606b9d1,907eb7b6622e,NORDE_256
England,E12000009,E07000043,North Devon,NORDE_9fc435c6509d,9219eb484804,NORDE_257
England,E12000009,E07000043,North Devon,NORDE_dc6270f8fdb9,d100eb6eced3,NORDE_258
England,E12000009,E07000043,North Devon,NORDE_bf55b1c22883,2699c77446fb,NORDE_259
England,E12000009,E07000043,North Devon,NORDE_4ae1432a51aa,84ac273a3516,NORDE_260
England,E12000009,E07000043,North Devon,NORDE_1e404cf59ea4,21983308c362,NORDE_261
England,E12000009,E07000043,North Devon,NORDE_e33f63e8d682,00ee6e61cc93,NORDE_262
England,E12000009,E07000043,North Devon,NORDE_3035f2385264,cbc2f8fdcf64,NORDE_263
England,E12000009,E07000043,North Devon,NORDE_b8232aab15c1,fc70ce5ad467,NORDE_264
England,E12000009,E07000043,North Devon,NORDE_d0490c2d7310,a0ea3400a016,NORDE_265
England,E12000009,E07000043,North Devon,NORDE_baf25c85d9fd,a1f485667fd2,NORDE_266
England,E12000009,E07000043,North Devon,NORDE_4fd347ea86f2,4d50e123be7c,NORDE_267
England,E12000009,E07000043,North Devon,NORDE_ce2bfbbc628b,9b56d97c084a,NORDE_268
England,E12000009,E07000043,North Devon,NORDE_b4d605427064,257e3228e896,NORDE_269
England,E12000009,E07000043,North Devon,NORDE_4b1ebc89a4ec,cd04d2062380,NORDE_270
England,E12000009,E07000043,North Devon,NORDE_bd842155fe80,e254c0d325e5,NORDE_271
England,E12000009,E07000043,North Devon,NORDE_d0970f699580,71142e2014ed,NORDE_272
England,E12000009,E07000043,North Devon,NORDE_d379d476a8ae,ea578f839b07,NORDE_273
England,E12000009,E07000043,North Devon,NORDE_a980a1ae13ee,2ec152606de3,NORDE_274
England,E12000009,E07000043,North Devon,NORDE_e10b1b92aee1,7d912880f379,NORDE_275
England,E12000009,E07000043,North Devon,NORDE_7c950cda2bde,bb4b583b1bfd,NORDE_276
England,E12000009,E07000043,North Devon,NORDE_3be30ff7b28a,c43a038632f1,NORDE_277
England,E12000009,E07000043,North Devon,NORDE_5e1ad5eb47d6,b0cf7cf030e4,NORDE_278
England,E12000009,E07000043,North Devon,NORDE_66836de79d8e,e614e8b8ab0e,NORDE_279
England,E12000009,E07000043,North Devon,NORDE_912eb073408b,2e65d929fd5b,NORDE_280
England,E12000009,E07000043,North Devon,NORDE_542182fb315a,0c1de4dae2c0,NORDE_281
England,E12000009,E07000043,North Devon,NORDE_9b5ba7e55607,5edf6155859f,NORDE_282
England,E12000009,E07000043,North Devon,NORDE_479baeef2e5e,19d0db5c1923,NORDE_283
England,E12000009,E07000043,North Devon,NORDE_98569f22998e,ebfd02769b41,NORDE_284
England,E12000009,E07000043,North Devon,NORDE_a294eee40a73,f5370c5b5e6f,NORDE_285
England,E12000009,E07000043,North Devon,NORDE_d9ddd2f918f5,c391dc081ad1,NORDE_286
England,E12000009,E07000043,North Devon,NORDE_d7be5501640c,9df3c476d283,NORDE_287
England,E12000009,E07000043,North Devon,NORDE_4051cdf5830b,8d7b4330cc43,NORDE_288
England,E12000009,E07000043,North Devon,NORDE_a14cf5bf28a3,dff352fd8df0,NORDE_289
England,E12000009,E07000043,North Devon,NORDE_7821fe4c568e,e7224d70f824,NORDE_290
England,E12000009,E07000043,North Devon,NORDE_b5f829c94bc4,0b80db2f0654,NORDE_291
England,E12000009,E07000043,North Devon,NORDE_687eec17e8f7,811a25d92d11,NORDE_292
England,E12000009,E07000043,North Devon,NORDE_4c04f19e241d,106454dec819,NORDE_293
England,E12000009,E07000043,North Devon,NORDE_bd56218677f0,264982b00a13,NORDE_294
England,E12000009,E07000043,North Devon,NORDE_1f070d55d4f0,44ddab424288,NORDE_295
England,E12000009,E07000043,North Devon,NORDE_218dbdfe0c4a,5ac072c8be84,NORDE_296
England,E12000009,E07000043,North Devon,NORDE_3ae7af25906c,7d98c77c4fc6,NORDE_297
England,E12000009,E07000043,North Devon,NORDE_365bea14af82,8a8ff30644a0,NORDE_298
England,E12000009,E07000043,North Devon,NORDE_2bcba4afc26d,9fa6ace886b5,NORDE_299
England,E12000009,E07000043,North Devon,NORDE_f920fbf5340c,a8d329ff7ae9,NORDE_300
England,E12000009,E07000043,North Devon,NORDE_15e9602832e9,35f233d8e2db,NORDE_301
England,E12000009,E07000043,North Devon,NORDE_01817bb2e439,58eb2ee36eec,NORDE_302
England,E12000009,E07000043,North Devon,NORDE_5c31cbcf136d,2418c57ca5e0,NORDE_303
England,E12000009,E07000043,North Devon,NORDE_ffe9373e6a6b,5f8c59924963,NORDE_304
England,E12000009,E07000043,North Devon,NORDE_4075ff063ab7,c578d3734bd5,NORDE_305
England,E12000009,E07000043,North Devon,NORDE_e12eaf4e4746,ae6e95cd1393,NORDE_306
England,E12000009,E07000043,North Devon,NORDE_5e754184830f,3e4bd559e616,NORDE_307
England,E12000009,E07000043,North Devon,NORDE_6a66759dae4f,5e5114978039,NORDE_308
England,E12000009,E07000043,North Devon,NORDE_575f896315f1,7bd366da1174,NORDE_309
England,E12000009,E07000043,North Devon,NORDE_9082e698e930,3ace30b1568a,NORDE_310
England,E12000009,E07000043,North Devon,NORDE_6580cfd4bb62,07a4c4ca57b6,NORDE_311
England,E12000009,E07000043,North Devon,NORDE_6ace0c41ca8c,eaebcf6ff0c2,NORDE_312
England,E12000009,E07000043,North Devon,NORDE_9a5b3b73b9d1,4b5392b79397,NORDE_313
England,E12000009,E07000043,North Devon,NORDE_f024852fe39f,c2ab68ccaa7c,NORDE_314
England,E12000009,E07000043,North Devon,NORDE_468bf85a140c,484b5184bf88,NORDE_315
England,E12000009,E07000043,North Devon,NORDE_7f40189cea3e,7d0d62918fef,NORDE_316
England,E12000009,E07000043,North Devon,NORDE_eef7f3030085,a5559b7e40e3,NORDE_317
